Datetime,Open,High,Low,Close,Volume
2025-01-31 08:00:00-05:00,401.5150146484375,419.9800109863281,401.42498779296875,418.4599914550781,43066718.0
2025-01-31 12:00:00-05:00,418.54998779296875,419.805908203125,401.4400939941406,404.5799865722656,35521159.0
2025-02-03 08:00:00-05:00,386.69000244140625,389.1700134277344,374.3900146484375,379.4200134277344,60894533.0
2025-02-03 12:00:00-05:00,379.36749267578125,385.33990478515625,377.4100036621094,383.8599853515625,25398344.0
2025-02-04 08:00:00-05:00,383.0,390.7300109863281,381.3999938964844,382.8599853515625,30947759.0
2025-02-04 12:00:00-05:00,382.95001220703125,394.0,382.67999267578125,392.3999938964844,22714278.0
2025-02-05 08:00:00-05:00,387.510009765625,388.3900146484375,380.0199890136719,382.3299865722656,29835358.0
2025-02-05 12:00:00-05:00,382.3500061035156,382.8399963378906,375.5299987792969,378.1700134277344,23303910.0
2025-02-06 08:00:00-05:00,373.1050109863281,375.3999938964844,363.17999267578125,369.54010009765625,47774463.0
2025-02-06 12:00:00-05:00,369.5400085449219,378.1700134277344,367.4200134277344,374.30999755859375,26405283.0
2025-02-07 08:00:00-05:00,370.17999267578125,380.5458984375,366.30999755859375,368.7983093261719,39068021.0
2025-02-07 12:00:00-05:00,368.68450927734375,371.260009765625,360.3399963378906,361.489990234375,25734448.0
2025-02-10 08:00:00-05:00,356.239990234375,362.6824951171875,350.54998779296875,358.4696960449219,42777029.0
2025-02-10 12:00:00-05:00,358.4599914550781,361.3999938964844,350.510009765625,350.6400146484375,28249480.0
2025-02-11 08:00:00-05:00,345.82501220703125,349.3699951171875,332.70001220703125,334.93499755859375,59275662.0
2025-02-11 12:00:00-05:00,335.0,335.05999755859375,325.1000061035156,328.6400146484375,51879347.0
2025-02-12 08:00:00-05:00,329.9800109863281,343.70001220703125,329.1199951171875,343.360107421875,59186241.0
2025-02-12 12:00:00-05:00,343.3949890136719,346.3999938964844,335.6600036621094,336.4599914550781,38213908.0
2025-02-13 08:00:00-05:00,345.0400085449219,358.69000244140625,342.864990234375,350.20001220703125,55352930.0
2025-02-13 12:00:00-05:00,350.19000244140625,356.8999938964844,348.4288024902344,356.0299987792969,28306756.0
2025-02-14 08:00:00-05:00,360.6199951171875,361.989990234375,347.5,349.1099853515625,44510859.0
2025-02-14 12:00:00-05:00,349.1300048828125,356.44000244140625,348.8800048828125,355.8999938964844,21174197.0
2025-02-18 08:00:00-05:00,355.2799987792969,359.1000061035156,352.54998779296875,354.4200134277344,30337437.0
2025-02-18 12:00:00-05:00,354.3999938964844,355.2598876953125,350.0199890136719,354.04998779296875,17599650.0
2025-02-19 08:00:00-05:00,353.9700012207031,367.3399963378906,353.7349853515625,364.60760498046875,42801218.0
2025-02-19 12:00:00-05:00,364.6242980957031,364.639892578125,357.35089111328125,360.6000061035156,20537376.0
2025-02-20 08:00:00-05:00,361.5400085449219,362.29998779296875,348.0,353.8999938964844,29922715.0
2025-02-20 12:00:00-05:00,353.9175109863281,355.32989501953125,350.8999938964844,354.3800048828125,12518972.0
2025-02-21 08:00:00-05:00,353.1600036621094,354.9800109863281,340.1017150878906,340.8900146484375,32845039.0
2025-02-21 12:00:00-05:00,340.8960876464844,342.77911376953125,334.4200134277344,337.5400085449219,34236777.0
2025-02-24 08:00:00-05:00,338.1000061035156,342.3973083496094,324.70001220703125,337.0299987792969,49350667.0
2025-02-24 12:00:00-05:00,337.0899963378906,338.8800048828125,329.8900146484375,330.3800048828125,21075208.0
2025-02-25 08:00:00-05:00,327.1300048828125,327.45001220703125,298.7799987792969,303.4200134277344,81664607.0
2025-02-25 12:00:00-05:00,303.4949951171875,306.3699951171875,297.2511901855469,302.489990234375,44846068.0
2025-02-26 08:00:00-05:00,303.7149963378906,309.0,294.2301025390625,300.67999267578125,49824054.0
2025-02-26 12:00:00-05:00,300.6400146484375,301.29998779296875,288.0400085449219,290.8900146484375,44467679.0
2025-02-27 08:00:00-05:00,291.0,297.2300109863281,280.8800048828125,285.95001220703125,56975672.0
2025-02-27 12:00:00-05:00,286.0,291.82440185546875,281.2699890136719,281.9599914550781,37549375.0
2025-02-28 08:00:00-05:00,279.4599914550781,293.0,273.6000061035156,290.2699890136719,61032483.0
2025-02-28 12:00:00-05:00,290.239990234375,293.6099853515625,281.3500061035156,293.30999755859375,41757709.0
2025-03-03 08:00:00-05:00,300.36749267578125,303.94000244140625,291.70001220703125,298.4800109863281,57841788.0
2025-03-03 12:00:00-05:00,298.4849853515625,298.69989013671875,277.29998779296875,284.7799987792969,51201811.0
2025-03-04 08:00:00-05:00,270.79998779296875,278.2799987792969,261.840087890625,271.9891052246094,71479990.0
2025-03-04 12:00:00-05:00,271.9100036621094,284.3299865722656,268.6600036621094,272.0,48481989.0
2025-03-05 08:00:00-05:00,272.9599914550781,278.2698974609375,267.7099914550781,273.18670654296875,53744534.0
2025-03-05 12:00:00-05:00,273.12750244140625,279.5400085449219,271.0,279.260009765625,34398797.0
2025-03-06 08:00:00-05:00,272.0,272.6499938964844,262.8500061035156,263.29998779296875,50842754.0
2025-03-06 12:00:00-05:00,263.3399963378906,266.6099853515625,260.0199890136719,263.42999267578125,41468822.0
2025-03-07 08:00:00-05:00,259.2749938964844,266.2499084472656,250.72999572753906,256.0400085449219,57538156.0
2025-03-07 12:00:00-05:00,256.0899963378906,264.2684020996094,254.89999389648438,262.6300048828125,40882480.0
2025-03-10 09:00:00-04:00,252.60000610351562,253.3699951171875,225.58999633789062,227.0500030517578,108800454.0
2025-03-10 13:00:00-04:00,227.15989685058594,228.85000610351562,220.19000244140625,222.0800018310547,63494226.0
2025-03-11 09:00:00-04:00,225.2700958251953,236.2895965576172,218.02999877929688,223.80999755859375,116974140.0
2025-03-11 13:00:00-04:00,223.75,237.0648956298828,223.5800018310547,230.5,47232091.0
2025-03-12 09:00:00-04:00,247.27000427246094,251.83999633789062,241.10000610351562,250.23989868164062,99454306.0
2025-03-12 13:00:00-04:00,250.1199951171875,251.10000610351562,245.75,248.27999877929688,30977911.0
2025-03-13 09:00:00-04:00,248.125,248.2899932861328,233.52999877929688,236.07000732421875,79095583.0
2025-03-13 13:00:00-04:00,236.0399932861328,242.60000610351562,235.4499969482422,240.69000244140625,28188757.0
2025-03-14 09:00:00-04:00,247.30999755859375,250.639892578125,240.74000549316406,247.981201171875,66847016.0
2025-03-14 13:00:00-04:00,247.99000549316406,251.5800018310547,247.4199981689453,249.98049926757812,27175144.0
2025-03-17 09:00:00-04:00,244.97000122070312,245.01499938964844,232.8000946044922,236.35499572753906,73531836.0
2025-03-17 13:00:00-04:00,236.35569763183594,240.4199981689453,235.79010009765625,237.8000030517578,28476070.0
2025-03-18 09:00:00-04:00,228.19000244140625,230.10000610351562,222.27999877929688,226.99549865722656,75347760.0
2025-03-18 13:00:00-04:00,226.9550018310547,227.9698944091797,223.30059814453125,225.47999572753906,27242219.0
2025-03-19 09:00:00-04:00,231.61000061035156,237.07000732421875,229.2010040283203,234.35079956054688,64356125.0
2025-03-19 13:00:00-04:00,234.3350067138672,241.41000366210938,232.07000732421875,235.72999572753906,40133808.0
2025-03-20 09:00:00-04:00,233.34500122070312,238.0,230.0500946044922,234.2700958251953,68328107.0
2025-03-20 13:00:00-04:00,234.35000610351562,236.64999389648438,231.88999938964844,236.25,24970563.0
2025-03-21 09:00:00-04:00,234.98500061035156,246.8800048828125,234.5625,245.36000061035156,82591547.0
2025-03-21 13:00:00-04:00,245.3699951171875,249.49000549316406,244.52000427246094,249.11500549316406,34136593.0
2025-03-24 09:00:00-04:00,258.07501220703125,275.7699890136719,256.3299865722656,274.0400085449219,110118515.0
2025-03-24 13:00:00-04:00,274.0899963378906,278.6400146484375,273.30999755859375,278.44000244140625,42326591.0
2025-03-25 09:00:00-04:00,283.5,283.5849914550781,271.2799987792969,277.2441101074219,97987432.0
2025-03-25 13:00:00-04:00,277.260009765625,288.20001220703125,277.1499938964844,288.1499938964844,42986135.0
2025-03-26 09:00:00-04:00,282.635009765625,284.8999938964844,269.6499938964844,270.8949890136719,94997826.0
2025-03-26 13:00:00-04:00,270.8949890136719,273.49969482421875,266.510009765625,271.989990234375,43554816.0
2025-03-27 09:00:00-04:00,272.4800109863281,291.8399963378906,271.82159423828125,273.92999267578125,115471734.0
2025-03-27 13:00:00-04:00,273.9599914550781,279.6700134277344,272.05999755859375,273.2300109863281,37454126.0
2025-03-28 09:00:00-04:00,275.5,276.1000061035156,260.7900085449219,263.2799987792969,84207353.0
2025-03-28 13:00:00-04:00,263.2900085449219,265.3999938964844,260.5799865722656,263.489990234375,31930733.0
2025-03-31 09:00:00-04:00,249.1699981689453,256.8999938964844,243.360107421875,254.25,87397069.0
2025-03-31 13:00:00-04:00,254.3000030517578,260.55999755859375,252.6201934814453,259.2699890136719,37977886.0
2025-04-01 09:00:00-04:00,263.7349853515625,277.45001220703125,259.25,273.3384094238281,97786754.0
2025-04-01 13:00:00-04:00,273.29998779296875,275.9100036621094,267.0899963378906,268.4800109863281,40115809.0
2025-04-02 09:00:00-04:00,254.60000610351562,284.389892578125,251.27000427246094,283.5799865722656,142203953.0
2025-04-02 13:00:00-04:00,283.5849914550781,284.989990234375,268.4599914550781,282.6700134277344,49877886.0
2025-04-03 09:00:00-04:00,265.239990234375,276.29998779296875,261.5199890136719,268.2799987792969,95514400.0
2025-04-03 13:00:00-04:00,268.2650146484375,270.5,264.8599853515625,267.81500244140625,31626227.0
2025-04-04 09:00:00-04:00,255.3699951171875,261.0,236.0,241.01690673828125,122653318.0
2025-04-04 13:00:00-04:00,240.9600067138672,246.22999572753906,238.4199981689453,239.33999633789062,45649689.0
2025-04-07 09:00:00-04:00,223.77999877929688,252.0,214.25,233.16990661621094,130265884.0
2025-04-07 13:00:00-04:00,233.0449981689453,237.3699951171875,227.75010681152344,233.2899932861328,41740625.0
2025-04-08 09:00:00-04:00,245.0500030517578,250.44000244140625,228.1999969482422,229.64999389648438,103763880.0
2025-04-08 13:00:00-04:00,229.57000732421875,235.19979858398438,217.8000030517578,221.5800018310547,56844419.0
2025-04-09 09:00:00-04:00,224.5625,253.8000030517578,223.88999938964844,246.27310180664062,103807945.0
2025-04-09 13:00:00-04:00,246.39999389648438,274.69000244140625,232.5500030517578,272.0,92388765.0
2025-04-10 09:00:00-04:00,260.0299987792969,262.489990234375,239.3300018310547,245.85000610351562,112722933.0
2025-04-10 13:00:00-04:00,245.77499389648438,256.5400085449219,245.0200958251953,252.39999389648438,56969492.0
2025-04-11 09:00:00-04:00,251.83999633789062,257.2900085449219,241.36289978027344,245.52499389648438,89705324.0
2025-04-11 13:00:00-04:00,245.52980041503906,252.32000732421875,245.05999755859375,252.17999267578125,33659746.0
2025-04-14 09:00:00-04:00,258.32501220703125,261.5,245.92999267578125,247.99000549316406,68231943.0
2025-04-14 13:00:00-04:00,247.97000122070312,256.0,247.1999969482422,252.36000061035156,26757898.0
2025-04-15 09:00:00-04:00,249.86000061035156,258.75,247.5500030517578,252.14990234375,57297910.0
2025-04-15 13:00:00-04:00,252.0800018310547,254.2342987060547,250.83999633789062,254.1199951171875,18283635.0
2025-04-16 09:00:00-04:00,247.69000244140625,251.39999389648438,245.1999969482422,246.6199951171875,50303764.0
2025-04-16 13:00:00-04:00,246.6699981689453,246.7220001220703,233.88999938964844,241.5500030517578,51522183.0
2025-04-17 09:00:00-04:00,243.39500427246094,244.33999633789062,237.6833038330078,239.34339904785156,52932420.0
2025-04-17 13:00:00-04:00,239.39999389648438,242.16000366210938,238.75,241.5399932861328,23204901.0
2025-04-21 09:00:00-04:00,230.27000427246094,232.2100067138672,223.17320251464844,223.4600067138672,58450887.0
2025-04-21 13:00:00-04:00,223.4499969482422,227.8699951171875,222.8000030517578,227.4499969482422,25611195.0
2025-04-22 09:00:00-04:00,230.9600067138672,242.7899932861328,229.85009765625,235.8699951171875,66122589.0
2025-04-22 13:00:00-04:00,235.86500549316406,238.5,234.46270751953125,238.14999389648438,30336623.0
2025-04-23 09:00:00-04:00,254.86000061035156,259.44000244140625,244.42999267578125,255.9149932861328,107929567.0
2025-04-23 13:00:00-04:00,255.99000549316406,258.2298889160156,250.33999633789062,250.7899932861328,33916693.0
2025-04-24 09:00:00-04:00,250.60000610351562,258.1494140625,249.1999969482422,255.36000061035156,62941866.0
2025-04-24 13:00:00-04:00,255.36000061035156,259.5400085449219,254.57009887695312,259.510009765625,24485948.0
2025-04-25 09:00:00-04:00,261.69000244140625,286.8500061035156,259.6300048828125,286.6499938964844,113750786.0
2025-04-25 13:00:00-04:00,286.6400146484375,286.6400146484375,281.04998779296875,284.875,43336216.0
2025-04-28 09:00:00-04:00,288.9700012207031,294.8599853515625,272.4200134277344,276.51409912109375,106969140.0
2025-04-28 13:00:00-04:00,276.55499267578125,286.7200012207031,275.3900146484375,285.8789978027344,36721191.0
2025-04-29 09:00:00-04:00,285.4775085449219,289.29998779296875,279.4695129394531,284.8900146484375,70943281.0
2025-04-29 13:00:00-04:00,284.9100036621094,293.2900085449219,284.1499938964844,292.0104064941406,30715895.0
2025-04-30 09:00:00-04:00,279.8699951171875,281.4200134277344,270.7900085449219,278.0299987792969,79980954.0
2025-04-30 13:00:00-04:00,277.989990234375,284.45001220703125,277.7300109863281,282.1171875,35635619.0
2025-05-01 09:00:00-04:00,280.0799865722656,290.8688049316406,279.9800109863281,284.0899963378906,69331190.0
2025-05-01 13:00:00-04:00,284.1199951171875,284.6492919921875,279.80999755859375,280.510009765625,23404570.0
2025-05-02 09:00:00-04:00,285.010009765625,294.489990234375,279.80999755859375,292.20001220703125,73860177.0
2025-05-02 13:00:00-04:00,292.1700134277344,294.7799987792969,285.7699890136719,287.25,36012073.0
2025-05-05 09:00:00-04:00,284.57000732421875,284.79998779296875,274.3999938964844,280.4800109863281,62927911.0
2025-05-05 13:00:00-04:00,280.5400085449219,283.389892578125,279.30999755859375,280.20001220703125,25685628.0
2025-05-06 09:00:00-04:00,273.0899963378906,277.7300109863281,271.3599853515625,273.7156982421875,52744231.0
2025-05-06 13:00:00-04:00,273.7200012207031,276.7096862792969,272.75,275.25,18356821.0
2025-05-07 09:00:00-04:00,276.81500244140625,277.9200134277344,272.1300964355469,275.3699951171875,40817251.0
2025-05-07 13:00:00-04:00,275.37030029296875,277.25,271.010009765625,276.17999267578125,26396724.0
2025-05-08 09:00:00-04:00,279.6300048828125,289.79998779296875,279.4100036621094,287.07159423828125,66790953.0
2025-05-08 13:00:00-04:00,287.1099853515625,289.7900085449219,284.6099853515625,284.8900146484375,23806423.0
2025-05-09 09:00:00-04:00,290.18499755859375,307.0400085449219,290.03900146484375,297.8999938964844,96944760.0
2025-05-09 13:00:00-04:00,297.9599914550781,301.0799865722656,296.510009765625,298.1017150878906,29260619.0
2025-05-12 09:00:00-04:00,321.93499755859375,322.20001220703125,311.5,318.29058837890625,80304770.0
2025-05-12 13:00:00-04:00,318.3349914550781,319.83819580078125,316.1400146484375,318.6199951171875,24117714.0
2025-05-13 09:00:00-04:00,319.9549865722656,329.489990234375,316.79998779296875,329.44000244140625,76837676.0
2025-05-13 13:00:00-04:00,329.3900146484375,337.5893859863281,328.6700134277344,333.92999267578125,52333542.0
2025-05-14 09:00:00-04:00,342.4599914550781,350.0,337.0,344.57000732421875,93532192.0
2025-05-14 13:00:00-04:00,344.5950012207031,350.0,343.3100891113281,347.4327087402344,35990137.0
2025-05-15 09:00:00-04:00,340.3450012207031,346.1393127441406,334.7153015136719,345.3800048828125,68474672.0
2025-05-15 13:00:00-04:00,345.44000244140625,345.4800109863281,339.6000061035156,342.7283935546875,25525077.0
2025-05-16 09:00:00-04:00,346.06500244140625,351.6199951171875,342.3299865722656,347.8699951171875,63251970.0
2025-05-16 13:00:00-04:00,347.9200134277344,349.92999267578125,346.8599853515625,349.79998779296875,21715076.0
2025-05-19 09:00:00-04:00,337.4410095214844,343.0,333.3800048828125,342.00738525390625,61154972.0
2025-05-19 13:00:00-04:00,342.0,342.7699890136719,334.7799987792969,341.92999267578125,21183335.0
2025-05-20 09:00:00-04:00,347.94000244140625,354.57330322265625,342.86749267578125,350.3599853515625,78828658.0
2025-05-20 13:00:00-04:00,350.3399963378906,354.98040771484375,341.6300048828125,343.760009765625,47316569.0
2025-05-21 09:00:00-04:00,344.42999267578125,347.3500061035156,335.5400085449219,336.0,61549099.0
2025-05-21 13:00:00-04:00,336.0263977050781,340.22979736328125,332.20001220703125,334.5299987792969,34017509.0
2025-05-22 09:00:00-04:00,331.94000244140625,345.1499938964844,331.3900146484375,344.7799987792969,63119319.0
2025-05-22 13:00:00-04:00,344.760009765625,347.2699890136719,340.6499938964844,340.9800109863281,28446765.0
2025-05-23 09:00:00-04:00,337.5150146484375,343.17999267578125,333.2099914550781,343.03948974609375,60005181.0
2025-05-23 13:00:00-04:00,343.0299987792969,343.08990478515625,339.0199890136719,339.3900146484375,21224953.0
2025-05-27 09:00:00-04:00,347.3500061035156,363.0,347.32000732421875,361.5075988769531,74351055.0
2025-05-27 13:00:00-04:00,361.489990234375,363.7900085449219,357.79998779296875,362.7510070800781,35636850.0
2025-05-28 09:00:00-04:00,364.8399963378906,365.0,358.6400146484375,362.6199951171875,55924063.0
2025-05-28 13:00:00-04:00,362.5799865722656,363.989990234375,355.9100036621094,356.9200134277344,26004735.0
2025-05-29 09:00:00-04:00,365.2900085449219,367.7099914550781,359.4400939941406,361.114990234375,54810478.0
2025-05-29 13:00:00-04:00,361.14990234375,362.4100036621094,356.0,358.45001220703125,25980462.0
2025-05-30 09:00:00-04:00,355.5799865722656,363.67999267578125,345.2900085449219,348.4064025878906,68289289.0
2025-05-30 13:00:00-04:00,348.375,352.42999267578125,345.45001220703125,345.760009765625,34749369.0
2025-06-02 09:00:00-04:00,343.6400146484375,348.010009765625,333.3299865722656,338.2099914550781,56916208.0
2025-06-02 13:00:00-04:00,338.2449951171875,343.05999755859375,337.8699951171875,342.70001220703125,21276402.0
2025-06-03 09:00:00-04:00,346.5950012207031,355.3999938964844,343.85009765625,354.4800109863281,54298848.0
2025-06-03 13:00:00-04:00,354.49920654296875,354.53460693359375,343.0400085449219,344.4700012207031,38674265.0
2025-06-04 09:00:00-04:00,345.0950012207031,345.6000061035156,327.330810546875,332.8550109863281,69256921.0
2025-06-04 13:00:00-04:00,332.8699951171875,335.6199951171875,331.95001220703125,332.2099914550781,23416162.0
2025-06-05 09:00:00-04:00,322.489990234375,324.5498962402344,301.5,302.3500061035156,125211706.0
2025-06-05 13:00:00-04:00,302.3599853515625,305.0,273.2099914550781,284.731689453125,138639940.0
2025-06-06 09:00:00-04:00,298.8349914550781,305.5,291.2001037597656,300.06500244140625,116533857.0
2025-06-06 13:00:00-04:00,300.0643005371094,302.0,293.1400146484375,295.125,37810334.0
2025-06-09 09:00:00-04:00,285.9200134277344,297.8500061035156,281.8500061035156,297.05999755859375,79495324.0
2025-06-09 13:00:00-04:00,297.0899963378906,309.8299865722656,296.8900146484375,308.65728759765625,46444772.0
2025-06-10 09:00:00-04:00,315.07000732421875,321.2200012207031,310.6669921875,319.9800109863281,90608211.0
2025-06-10 13:00:00-04:00,320.0050048828125,327.8299865722656,318.0400085449219,326.1499938964844,49665854.0
2025-06-11 09:00:00-04:00,334.05499267578125,335.5,326.0299987792969,330.92999267578125,82928242.0
2025-06-11 13:00:00-04:00,330.9200134277344,331.0799865722656,322.7699890136719,326.489990234375,34852373.0
2025-06-12 09:00:00-04:00,323.07501220703125,332.54998779296875,322.7699890136719,325.09210205078125,68598084.0
2025-06-12 13:00:00-04:00,325.0849914550781,325.7699890136719,316.8800048828125,319.17498779296875,31655958.0
2025-06-13 09:00:00-04:00,314.0,332.9700012207031,313.29998779296875,332.1600036621094,79285503.0
2025-06-13 13:00:00-04:00,332.1993103027344,332.9800109863281,323.25,325.3500061035156,44766447.0
2025-06-16 09:00:00-04:00,331.17999267578125,332.04998779296875,326.4100036621094,329.239990234375,54026703.0
2025-06-16 13:00:00-04:00,329.1650085449219,330.6784973144531,327.2099914550781,329.1099853515625,22723481.0
2025-06-17 09:00:00-04:00,326.0199890136719,327.260009765625,317.3399963378906,318.5849914550781,54127337.0
2025-06-17 13:00:00-04:00,318.5299987792969,320.69000244140625,314.75,316.2799987792969,27924289.0
2025-06-18 09:00:00-04:00,317.29998779296875,329.29998779296875,315.45001220703125,321.9649963378906,61108186.0
2025-06-18 13:00:00-04:00,322.0400085449219,325.20001220703125,320.0899963378906,322.0950012207031,29332298.0
2025-06-20 09:00:00-04:00,327.80999755859375,332.3599853515625,317.7799987792969,321.4800109863281,71751950.0
2025-06-20 13:00:00-04:00,321.4814147949219,324.6499938964844,319.6300964355469,322.1700134277344,27214344.0
2025-06-23 09:00:00-04:00,327.5150146484375,357.4700012207031,327.5,351.1199951171875,141064111.0
2025-06-23 13:00:00-04:00,351.19500732421875,354.8500061035156,346.44000244140625,348.7099914550781,37994995.0
2025-06-24 09:00:00-04:00,356.1600036621094,356.2598876953125,340.44000244140625,342.239990234375,82581689.0
2025-06-24 13:00:00-04:00,342.2099914550781,343.7099914550781,340.4800109863281,340.480712890625,24046262.0
2025-06-25 09:00:00-04:00,341.7900085449219,342.8599853515625,320.3999938964844,326.9849853515625,84865454.0
2025-06-25 13:00:00-04:00,327.0249938964844,328.3900146484375,322.6000061035156,327.5899963378906,28412323.0
2025-06-26 09:00:00-04:00,324.6099853515625,331.04998779296875,323.6099853515625,329.00439453125,56834593.0
2025-06-26 13:00:00-04:00,329.010009765625,329.1300048828125,324.75,325.7699890136719,20196152.0
2025-06-27 09:00:00-04:00,324.4700012207031,329.33929443359375,320.07000732421875,324.5050048828125,49421050.0
2025-06-27 13:00:00-04:00,324.5,325.8877868652344,317.4949951171875,323.79998779296875,32756790.0
2025-06-30 09:00:00-04:00,319.8999938964844,325.57989501953125,317.80999755859375,319.8008117675781,45255890.0
2025-06-30 13:00:00-04:00,319.82000732421875,320.1000061035156,316.6000061035156,317.6199951171875,21617089.0
2025-07-01 09:00:00-04:00,298.4200134277344,305.8800048828125,293.2099914550781,302.1000061035156,101445951.0
2025-07-01 13:00:00-04:00,302.1050109863281,304.4299011230469,298.3219909667969,300.7099914550781,34985384.0
2025-07-02 09:00:00-04:00,312.57501220703125,316.8320007324219,303.82000732421875,315.5267028808594,88481060.0
2025-07-02 13:00:00-04:00,315.527587890625,316.3800048828125,312.68060302734375,315.6499938964844,23512296.0
2025-07-03 09:00:00-04:00,317.95001220703125,318.45001220703125,312.760009765625,317.08990478515625,48537051.0
2025-07-07 09:00:00-04:00,291.3699951171875,296.1499938964844,288.7701110839844,291.3399963378906,92113881.0
2025-07-07 13:00:00-04:00,291.30999755859375,295.5299987792969,291.20001220703125,293.9200134277344,29953386.0
2025-07-08 09:00:00-04:00,296.8800048828125,304.0494079589844,295.6416015625,301.5339050292969,60428997.0
2025-07-08 13:00:00-04:00,301.5199890136719,303.5799865722656,294.3500061035156,297.8349914550781,37529568.0
2025-07-09 09:00:00-04:00,297.6050109863281,300.1499938964844,293.54998779296875,294.510009765625,50405319.0
2025-07-09 13:00:00-04:00,294.522705078125,297.82000732421875,293.9100036621094,295.82000732421875,21557446.0
2025-07-10 09:00:00-04:00,300.13018798828125,307.9200134277344,300.0,301.8865966796875,60497086.0
2025-07-10 13:00:00-04:00,301.8830871582031,310.4800109863281,301.79998779296875,309.93499755859375,36417677.0
2025-07-11 09:00:00-04:00,307.6199951171875,311.9100036621094,305.6600036621094,310.8599853515625,48343104.0
2025-07-11 13:00:00-04:00,310.8399963378906,314.0899963378906,309.8599853515625,313.5,26023963.0
2025-07-14 09:00:00-04:00,317.7300109863281,322.5986022949219,312.6700134277344,315.33758544921875,51594537.0
2025-07-14 13:00:00-04:00,315.3699951171875,317.2699890136719,312.8500061035156,316.9100036621094,21638229.0
2025-07-15 09:00:00-04:00,319.67498779296875,321.20001220703125,312.70001220703125,314.0799865722656,49348476.0
2025-07-15 13:00:00-04:00,314.04998779296875,315.239990234375,310.5,310.6600036621094,22069226.0
2025-07-16 09:00:00-04:00,312.79998779296875,321.70001220703125,312.6300048828125,320.19500732421875,67902482.0
2025-07-16 13:00:00-04:00,320.2441101074219,323.5,318.6600036621094,321.6700134277344,24092848.0
2025-07-17 09:00:00-04:00,323.1099853515625,324.3399963378906,317.69500732421875,319.4599914550781,49780137.0
2025-07-17 13:00:00-04:00,319.4801025390625,319.8194885253906,317.060302734375,319.3699951171875,21096039.0
2025-07-18 09:00:00-04:00,322.0,330.7099914550781,321.4200134277344,327.57000732421875,64549265.0
2025-07-18 13:00:00-04:00,327.55999755859375,330.8999938964844,327.12060546875,329.54998779296875,25710099.0
2025-07-21 09:00:00-04:00,334.3599853515625,338.0,326.8800048828125,329.7300109863281,53811388.0
2025-07-21 13:00:00-04:00,329.7200012207031,330.8299865722656,327.79998779296875,328.5299987792969,17271417.0
2025-07-22 09:00:00-04:00,329.739990234375,332.3500061035156,321.54998779296875,331.8815002441406,47228442.0
2025-07-22 13:00:00-04:00,331.8599853515625,335.4097900390625,329.8299865722656,332.0799865722656,26495000.0
2025-07-23 09:00:00-04:00,330.8699951171875,336.1700134277344,328.6700134277344,330.8599853515625,46222681.0
2025-07-23 13:00:00-04:00,330.8559875488281,335.70001220703125,329.4100036621094,333.0,26101972.0
2025-07-24 09:00:00-04:00,310.06500244140625,310.06500244140625,300.4100036621094,304.2732849121094,109313060.0
2025-07-24 13:00:00-04:00,304.2799987792969,307.4800109863281,302.17999267578125,305.07000732421875,36416963.0
2025-07-25 09:00:00-04:00,308.739990234375,323.6300048828125,308.010009765625,317.7850036621094,98325107.0
2025-07-25 13:00:00-04:00,317.7900085449219,318.5799865722656,312.70001220703125,316.1050109863281,43370724.0
2025-07-28 09:00:00-04:00,318.2099914550781,330.4800109863281,315.69000244140625,328.1499938964844,78167794.0
2025-07-28 13:00:00-04:00,328.1600036621094,329.4656066894531,325.3399963378906,325.5400085449219,26389785.0
2025-07-29 09:00:00-04:00,325.6524963378906,326.25,318.25,320.44000244140625,57971495.0
2025-07-29 13:00:00-04:00,320.42999267578125,324.05999755859375,320.0921936035156,321.3999938964844,23249807.0
2025-07-30 09:00:00-04:00,322.19500732421875,324.44989013671875,316.9100036621094,317.8660888671875,46051041.0
2025-07-30 13:00:00-04:00,317.8699951171875,319.260009765625,311.6174011230469,319.0400085449219,33163489.0
2025-07-31 09:00:00-04:00,319.5849914550781,321.3699035644531,309.5899963378906,309.8840026855469,48770517.0
2025-07-31 13:00:00-04:00,309.85009765625,311.6499938964844,306.1000061035156,308.19000244140625,29095131.0
2025-08-01 09:00:00-04:00,306.2049865722656,309.30999755859375,297.82000732421875,303.23638916015625,57656609.0
2025-08-01 13:00:00-04:00,303.2349853515625,304.8599853515625,301.1000061035156,302.6099853515625,25508631.0
2025-08-04 09:00:00-04:00,309.05499267578125,312.114990234375,303.0000915527344,308.489990234375,56426138.0
2025-08-04 13:00:00-04:00,308.4800109863281,310.8299865722656,307.48699951171875,309.2998962402344,17492999.0
2025-08-05 09:00:00-04:00,308.95001220703125,312.44989013671875,305.5,308.07000732421875,37140472.0
2025-08-05 13:00:00-04:00,308.1000061035156,310.9142150878906,308.0013122558594,308.67999267578125,16976664.0
2025-08-06 09:00:00-04:00,307.8900146484375,319.55999755859375,307.4700012207031,318.53350830078125,50872361.0
2025-08-06 13:00:00-04:00,318.54998779296875,320.4700012207031,317.8599853515625,319.9599914550781,21791588.0
2025-08-07 09:00:00-04:00,319.6099853515625,322.3999938964844,317.6199951171875,318.3900146484375,44112083.0
2025-08-07 13:00:00-04:00,318.3900146484375,322.3599853515625,316.1600036621094,322.2900085449219,18619796.0
2025-08-08 09:00:00-04:00,321.42999267578125,334.989990234375,320.9800109863281,328.6600036621094,65139081.0
2025-08-08 13:00:00-04:00,328.6980895996094,330.8800048828125,327.2200012207031,329.67999267578125,21519920.0
2025-08-11 09:00:00-04:00,335.0,346.6400146484375,334.1499938964844,342.4100036621094,72042871.0
2025-08-11 13:00:00-04:00,342.4115905761719,344.0899963378906,338.7900085449219,339.18499755859375,27252307.0
2025-08-12 09:00:00-04:00,345.04998779296875,345.260009765625,332.94000244140625,338.7900085449219,56262309.0
2025-08-12 13:00:00-04:00,338.760009765625,342.42999267578125,337.0299987792969,340.7550048828125,20125771.0
2025-08-13 09:00:00-04:00,341.69000244140625,348.9800109863281,338.54998779296875,341.5050048828125,48232468.0
2025-08-13 13:00:00-04:00,341.5050048828125,341.8197937011719,338.2300109863281,339.3399963378906,16108375.0
2025-08-14 09:00:00-04:00,335.760009765625,340.46990966796875,330.3999938964844,333.96270751953125,50729211.0
2025-08-14 13:00:00-04:00,333.9750061035156,336.0299987792969,332.760009765625,335.57000732421875,19388304.0
2025-08-15 09:00:00-04:00,337.6549987792969,339.29998779296875,327.0199890136719,330.8999938964844,49375720.0
2025-08-15 13:00:00-04:00,330.8800964355469,331.69989013671875,328.0,330.6000061035156,19822603.0
2025-08-18 09:00:00-04:00,329.5899963378906,335.349609375,329.5899963378906,334.76251220703125,36868809.0
2025-08-18 13:00:00-04:00,334.7749938964844,336.2699890136719,333.66009521484375,335.1499938964844,15298965.0
2025-08-19 09:00:00-04:00,335.7900085449219,340.54998779296875,327.8500061035156,329.70001220703125,54846587.0
2025-08-19 13:00:00-04:00,329.6199951171875,330.8599853515625,328.0,329.32000732421875,16370445.0
2025-08-20 09:00:00-04:00,329.2300109863281,331.3699951171875,314.6000061035156,321.05499267578125,54202911.0
2025-08-20 13:00:00-04:00,321.04998779296875,324.7900085449219,319.55010986328125,323.9150085449219,19863662.0
2025-08-21 09:00:00-04:00,322.0,324.5799865722656,318.67999267578125,319.3599853515625,37236515.0
2025-08-21 13:00:00-04:00,319.3299865722656,322.6000061035156,319.1300048828125,320.0400085449219,15048646.0
2025-08-22 09:00:00-04:00,321.6600036621094,338.3299865722656,319.69000244140625,338.02178955078125,62499678.0
2025-08-22 13:00:00-04:00,338.0350036621094,340.25,337.1300048828125,340.010009765625,25230713.0
2025-08-25 09:00:00-04:00,338.8900146484375,348.70001220703125,335.0299987792969,348.34991455078125,55650865.0
2025-08-25 13:00:00-04:00,348.3500061035156,349.5299987792969,346.05999755859375,346.5950012207031,26465066.0
2025-08-26 09:00:00-04:00,344.82000732421875,349.1400146484375,343.7200012207031,347.1000061035156,43974766.0
2025-08-26 13:00:00-04:00,347.135009765625,351.8999938964844,345.07501220703125,351.7699890136719,24890061.0
2025-08-27 09:00:00-04:00,351.94000244140625,355.3900146484375,349.156005859375,350.9849853515625,44416694.0
2025-08-27 13:00:00-04:00,350.9873962402344,352.0299987792969,349.32000732421875,349.5,16573125.0
2025-08-28 09:00:00-04:00,350.9849853515625,353.54998779296875,340.2699890136719,343.4549865722656,47089725.0
2025-08-28 13:00:00-04:00,343.4599914550781,346.7799987792969,343.4599914550781,345.79998779296875,16987583.0
2025-08-29 09:00:00-04:00,347.2300109863281,348.7499084472656,332.6499938964844,333.7449951171875,51708349.0
2025-08-29 13:00:00-04:00,333.7474060058594,334.4800109863281,331.70001220703125,333.9700012207031,23416369.0
2025-09-02 09:00:00-04:00,328.2300109863281,333.3283996582031,325.6000061035156,329.79998779296875,38961421.0
2025-09-02 13:00:00-04:00,329.82000732421875,330.6400146484375,327.8699951171875,329.3699951171875,14275488.0
2025-09-03 09:00:00-04:00,335.1000061035156,343.3299865722656,328.510009765625,341.7449951171875,59753066.0
2025-09-03 13:00:00-04:00,341.7611999511719,342.0299072265625,334.010009765625,334.0400085449219,25392756.0
2025-09-04 09:00:00-04:00,336.1700134277344,337.635009765625,331.4800109863281,335.0799865722656,39878142.0
2025-09-04 13:00:00-04:00,335.0516052246094,338.8900146484375,334.7572937011719,338.56451416015625,16462150.0
2025-09-05 09:00:00-04:00,347.9800109863281,355.8699951171875,344.68011474609375,352.07501220703125,75963420.0
2025-09-05 13:00:00-04:00,352.04998779296875,352.2892150878906,347.864990234375,350.79998779296875,27851769.0
2025-09-08 09:00:00-04:00,354.68798828125,358.44000244140625,344.8399963378906,347.42999267578125,54545119.0
2025-09-08 13:00:00-04:00,347.4800109863281,347.6300048828125,344.8999938964844,346.3999938964844,17428232.0
2025-09-09 09:00:00-04:00,348.45001220703125,350.760009765625,343.82000732421875,346.894287109375,38329760.0
2025-09-09 13:00:00-04:00,346.92999267578125,347.8399963378906,345.70001220703125,347.0400085449219,13589001.0
2025-09-10 09:00:00-04:00,350.70001220703125,356.32000732421875,346.07000732421875,354.260009765625,45962757.0
2025-09-10 13:00:00-04:00,354.260986328125,356.2799987792969,347.1600036621094,347.7900085449219,22851385.0
2025-09-11 09:00:00-04:00,350.2200012207031,364.32000732421875,347.6000061035156,364.089111328125,63919128.0
2025-09-11 13:00:00-04:00,364.0849914550781,368.989990234375,363.6600036621094,368.7950134277344,33092873.0
2025-09-12 09:00:00-04:00,371.75,395.989990234375,371.75,393.6000061035156,113081410.0
2025-09-12 13:00:00-04:00,393.57000732421875,396.6899108886719,391.8800964355469,396.0,43919802.0
2025-09-15 09:00:00-04:00,423.20001220703125,425.69989013671875,414.29998779296875,417.5249938964844,109087908.0
2025-09-15 13:00:00-04:00,417.5,418.20001220703125,402.43011474609375,410.2449951171875,48140166.0
2025-09-16 09:00:00-04:00,414.0,422.1199951171875,411.42999267578125,418.77508544921875,56838014.0
2025-09-16 13:00:00-04:00,418.7749938964844,423.25,417.5,421.54998779296875,19610255.0
2025-09-17 09:00:00-04:00,415.6050109863281,420.4200134277344,409.6700134277344,419.73260498046875,51743480.0
2025-09-17 13:00:00-04:00,419.76141357421875,428.3121032714844,411.7699890136719,425.5899963378906,49828607.0
2025-09-18 09:00:00-04:00,428.864990234375,432.21990966796875,420.8299865722656,423.4200134277344,60562455.0
2025-09-18 13:00:00-04:00,423.3830871582031,424.8500061035156,416.55999755859375,416.7099914550781,23514251.0
2025-09-19 09:00:00-04:00,421.9700012207031,429.4700012207031,421.7200012207031,423.53729248046875,57724147.0
2025-09-19 13:00:00-04:00,423.55499267578125,427.0,423.0,425.8699951171875,19675851.0
2025-09-22 09:00:00-04:00,431.1600036621094,444.9798889160156,429.1300048828125,433.0299987792969,70224049.0
2025-09-22 13:00:00-04:00,432.989990234375,436.29998779296875,432.6000061035156,434.0,21738985.0
2025-09-23 09:00:00-04:00,437.5400085449219,439.70001220703125,430.875,433.6650085449219,36507260.0
2025-09-23 13:00:00-04:00,433.6199951171875,434.7799987792969,423.7200012207031,425.8299865722656,40923915.0
2025-09-24 09:00:00-04:00,429.25,440.5400085449219,429.17010498046875,439.50689697265625,46261006.0
2025-09-24 13:00:00-04:00,439.5,444.2099914550781,437.7200012207031,442.7699890136719,23075792.0
2025-09-25 09:00:00-04:00,432.0,432.20001220703125,423.41290283203125,426.9371032714844,45543895.0
2025-09-25 13:00:00-04:00,426.9100036621094,427.6000061035156,419.0799865722656,423.2300109863281,24066074.0
2025-09-26 09:00:00-04:00,428.0,434.6000061035156,421.0199890136719,433.0899963378906,45905395.0
2025-09-26 13:00:00-04:00,433.0906066894531,440.4700012207031,432.7405090332031,440.4198913574219,26529956.0
2025-09-29 09:00:00-04:00,446.0,450.9800109863281,439.5,441.760009765625,44827679.0
2025-09-29 13:00:00-04:00,441.8299865722656,443.8500061035156,440.3999938964844,443.2099914550781,13475549.0
2025-09-30 09:00:00-04:00,442.0,442.5398864746094,433.1199951171875,437.4599914550781,33925706.0
2025-09-30 13:00:00-04:00,437.5,445.0,436.4497985839844,444.5400085449219,20230184.0
2025-10-01 09:00:00-04:00,444.0,459.1000061035156,440.760009765625,458.4700012207031,50945935.0
2025-10-01 13:00:00-04:00,458.4830017089844,462.2900085449219,457.8999938964844,459.4700012207031,41147884.0
2025-10-02 09:00:00-04:00,470.5400085449219,470.75,441.4599914550781,445.8900146484375,92424777.0
2025-10-02 13:00:00-04:00,445.8900146484375,446.7799987792969,435.57000732421875,435.9700012207031,38204333.0
2025-10-03 09:00:00-04:00,443.2850036621094,446.7699890136719,419.55999755859375,420.93499755859375,86165037.0
2025-10-03 13:00:00-04:00,420.92999267578125,430.2273864746094,416.57501220703125,429.8399963378906,41434923.0
2025-10-06 09:00:00-04:00,440.9100036621094,449.989990234375,436.69000244140625,448.80950927734375,55859629.0
2025-10-06 13:00:00-04:00,448.7950134277344,453.54998779296875,447.79998779296875,453.3599853515625,22617370.0
2025-10-07 09:00:00-04:00,447.8599853515625,452.67999267578125,436.3210144042969,448.6499938964844,55572774.0
2025-10-07 13:00:00-04:00,448.6000061035156,450.19989013671875,432.4501037597656,432.8699951171875,39395031.0
2025-10-08 09:00:00-04:00,437.75799560546875,437.7699890136719,425.2300109863281,435.7025146484375,45527727.0
2025-10-08 13:00:00-04:00,435.739990234375,441.3299865722656,434.1499938964844,438.6000061035156,21084367.0
2025-10-09 09:00:00-04:00,431.739990234375,433.6099853515625,426.7701110839844,429.4700012207031,46718893.0
2025-10-09 13:00:00-04:00,429.7900085449219,436.1610107421875,428.3699951171875,435.5299987792969,19290686.0
2025-10-10 09:00:00-04:00,437.6549987792969,443.1300048828125,415.44000244140625,419.55999755859375,71609620.0
2025-10-10 13:00:00-04:00,419.4200134277344,420.34991455078125,411.45001220703125,413.29998779296875,28810612.0
2025-10-13 09:00:00-04:00,423.70001220703125,429.32989501953125,419.70001220703125,429.0083923339844,44759382.0
2025-10-13 13:00:00-04:00,429.0199890136719,436.8900146484375,428.42999267578125,435.8999938964844,28275338.0
2025-10-14 09:00:00-04:00,426.7900085449219,434.20001220703125,417.8599853515625,432.23919677734375,50414814.0
2025-10-14 13:00:00-04:00,432.260009765625,434.14990234375,426.8800048828125,429.2300109863281,17517298.0
2025-10-15 09:00:00-04:00,434.79998779296875,440.510009765625,426.3301086425781,428.68499755859375,50344937.0
2025-10-15 13:00:00-04:00,428.7749938964844,435.42999267578125,428.44000244140625,435.19000244140625,18033899.0
2025-10-16 09:00:00-04:00,434.75,439.3500061035156,425.80999755859375,431.04998779296875,48218880.0
2025-10-16 13:00:00-04:00,430.9200134277344,431.6499938964844,421.3100891113281,428.5849914550781,25238369.0
2025-10-17 09:00:00-04:00,425.5,440.75,423.6000061035156,436.55999755859375,60151857.0
2025-10-17 13:00:00-04:00,436.635009765625,441.455810546875,436.1099853515625,439.2699890136719,24836192.0
2025-10-20 09:00:00-04:00,443.7875061035156,449.79998779296875,440.6099853515625,443.2513122558594,43511457.0
2025-10-20 13:00:00-04:00,443.2178955078125,447.9779968261719,442.52081298828125,447.3500061035156,16065104.0
2025-10-21 09:00:00-04:00,445.7550048828125,449.29998779296875,442.04998779296875,445.697998046875,37477574.0
2025-10-21 13:00:00-04:00,445.6716003417969,446.54998779296875,442.5,442.510009765625,13729892.0
2025-10-22 09:00:00-04:00,443.45001220703125,445.53900146484375,429.0,432.92498779296875,45290526.0
2025-10-22 13:00:00-04:00,432.92999267578125,439.5899963378906,429.54998779296875,438.8399963378906,23716806.0
2025-10-23 09:00:00-04:00,420.1000061035156,449.39990234375,413.8999938964844,446.15008544921875,87999384.0
2025-10-23 13:00:00-04:00,446.135009765625,449.29998779296875,441.55999755859375,448.9949951171875,33376098.0
2025-10-24 09:00:00-04:00,446.9800109863281,451.67999267578125,434.510009765625,435.1736145019531,59796284.0
2025-10-24 13:00:00-04:00,435.1600036621094,436.4200134277344,430.1700134277344,433.5899963378906,29542656.0
2025-10-27 09:00:00-04:00,439.8900146484375,459.1499938964844,438.69000244140625,458.0,65996261.0
2025-10-27 13:00:00-04:00,457.9800109863281,460.1600036621094,447.260009765625,452.3500061035156,33896855.0
2025-10-28 09:00:00-04:00,454.6000061035156,467.0,451.6000061035156,464.2099914550781,53737340.0
2025-10-28 13:00:00-04:00,464.20001220703125,465.0400085449219,458.57000732421875,460.5400085449219,23244516.0
2025-10-29 09:00:00-04:00,462.42498779296875,465.70001220703125,456.7900085449219,459.0,38249865.0
2025-10-29 13:00:00-04:00,458.8800048828125,462.95001220703125,452.6499938964844,461.4700012207031,26283028.0
2025-10-30 09:00:00-04:00,451.04998779296875,455.0606994628906,439.6099853515625,445.8799133300781,37290808.0
2025-10-30 13:00:00-04:00,445.8034973144531,445.8699951171875,440.0,440.0299987792969,12171868.0
2025-10-31 09:00:00-04:00,446.7300109863281,457.7278137207031,443.68548583984375,444.7795104980469,38819085.0
2025-10-31 13:00:00-04:00,444.7200012207031,456.8800048828125,444.5,456.5382080078125,19914524.0
2025-11-03 08:00:00-05:00,455.989990234375,474.07000732421875,453.8955078125,467.1171875,40671582.0
2025-11-03 12:00:00-05:00,467.1099853515625,470.7898864746094,464.6499938964844,468.42999267578125,21202923.0
2025-11-04 08:00:00-05:00,454.3699951171875,460.2200012207031,447.70001220703125,450.7799987792969,33341606.0
2025-11-04 12:00:00-05:00,450.79998779296875,451.5400085449219,443.8324890136719,444.19000244140625,26396104.0
2025-11-05 08:00:00-05:00,451.9200134277344,455.3900146484375,440.7099914550781,452.6099853515625,31996612.0
2025-11-05 12:00:00-05:00,452.6400146484375,466.32989501953125,452.29998779296875,462.25,28448162.0
2025-11-06 08:00:00-05:00,461.9599914550781,467.45001220703125,435.0899963378906,439.9988098144531,45434711.0
2025-11-06 12:00:00-05:00,439.9700012207031,451.4599914550781,439.53070068359375,446.1099853515625,31865023.0
2025-11-07 08:00:00-05:00,437.8900146484375,437.9425048828125,421.8800048828125,428.7434997558594,45307896.0
2025-11-07 12:00:00-05:00,428.7550048828125,437.6000061035156,424.44000244140625,429.3800048828125,27300633.0
2025-11-10 08:00:00-05:00,439.6300048828125,449.6715087890625,433.3599853515625,446.2099914550781,36270513.0
2025-11-10 12:00:00-05:00,446.2300109863281,448.70001220703125,442.0799865722656,445.260009765625,20154237.0
2025-11-11 08:00:00-05:00,439.3999938964844,442.489990234375,432.3599853515625,433.9206848144531,28120926.0
2025-11-11 12:00:00-05:00,433.9700012207031,440.45989990234375,433.2300109863281,439.3999938964844,17929183.0
2025-11-12 08:00:00-05:00,442.1099853515625,442.3290100097656,426.55999755859375,430.3699951171875,27048624.0
2025-11-12 12:00:00-05:00,430.3299865722656,432.75,429.0,430.6199951171875,15298273.0
2025-11-13 08:00:00-05:00,423.17498779296875,424.5,400.5600891113281,403.5400085449219,48554895.0
2025-11-13 12:00:00-05:00,403.5299987792969,404.5799865722656,396.42010498046875,401.94000244140625,39579038.0
2025-11-14 08:00:00-05:00,386.239990234375,412.19000244140625,382.7799987792969,408.8099060058594,52138605.0
2025-11-14 12:00:00-05:00,408.80999755859375,410.57000732421875,403.5299987792969,404.3299865722656,24546884.0
2025-11-17 08:00:00-05:00,398.8900146484375,423.9599914550781,398.8309020996094,419.55999755859375,43098210.0
2025-11-17 12:00:00-05:00,419.6300048828125,419.8500061035156,404.80999755859375,408.94000244140625,33673202.0
2025-11-18 08:00:00-05:00,405.3800048828125,408.8999938964844,393.7099914550781,402.0899963378906,37686868.0
2025-11-18 12:00:00-05:00,402.07000732421875,408.6000061035156,400.7900085449219,401.239013671875,23515630.0
2025-11-19 08:00:00-05:00,406.2099914550781,411.7799987792969,400.401611328125,403.0,33056016.0
2025-11-19 12:00:00-05:00,402.9200134277344,406.0,398.5,404.07000732421875,20409731.0
2025-11-20 08:00:00-05:00,414.6300048828125,428.94000244140625,401.55999755859375,404.19500732421875,49875904.0
2025-11-20 12:00:00-05:00,404.1199951171875,408.1600036621094,394.7449951171875,395.0299987792969,33921354.0
2025-11-21 08:00:00-05:00,402.2950134277344,402.7200012207031,384.239990234375,400.375,44650119.0
2025-11-21 12:00:00-05:00,400.3900146484375,402.32000732421875,390.55999755859375,391.04998779296875,27971553.0
2025-11-24 08:00:00-05:00,402.1600036621094,420.3699951171875,401.1600036621094,418.95001220703125,40378603.0
2025-11-24 12:00:00-05:00,418.8999938964844,421.7099914550781,416.0,417.5899963378906,24167920.0
2025-11-25 08:00:00-05:00,414.4100036621094,419.1300048828125,405.95001220703125,418.4200134277344,34608074.0
2025-11-25 12:00:00-05:00,418.4010009765625,420.4800109863281,414.6099853515625,419.30999755859375,19840721.0
2025-11-26 08:00:00-05:00,423.9825134277344,425.5199890136719,416.8900146484375,420.7799987792969,27208734.0
2025-11-26 12:00:00-05:00,420.82000732421875,426.94000244140625,420.239990234375,426.4750061035156,20410686.0
2025-11-28 08:00:00-05:00,429.8599853515625,432.92999267578125,426.20001220703125,429.71990966796875,23608142.0
2025-12-01 08:00:00-05:00,425.3500061035156,433.659912109375,425.29998779296875,429.1465148925781,25601368.0
2025-12-01 12:00:00-05:00,429.1300048828125,431.1099853515625,426.32000732421875,430.2998962402344,16361533.0
2025-12-02 08:00:00-05:00,431.32049560546875,436.79998779296875,422.1199951171875,425.51800537109375,33562833.0
2025-12-02 12:00:00-05:00,425.5299987792969,431.05999755859375,423.0,429.010009765625,18164459.0
2025-12-03 08:00:00-05:00,431.8450012207031,444.3800048828125,431.1174011230469,441.29998779296875,37788585.0
2025-12-03 12:00:00-05:00,441.2799987792969,447.9142150878906,440.9700012207031,446.8800048828125,23320510.0
2025-12-04 08:00:00-05:00,450.0,454.625,445.3900146484375,449.80999755859375,32633864.0
2025-12-04 12:00:00-05:00,449.8299865722656,454.6300048828125,446.20001220703125,454.510009765625,18952279.0
2025-12-05 08:00:00-05:00,452.9700012207031,458.8699951171875,451.6600036621094,453.54998779296875,27301250.0
2025-12-05 12:00:00-05:00,453.4800109863281,455.81500244140625,453.29998779296875,454.94000244140625,14129802.0
2025-12-08 08:00:00-05:00,447.364990234375,449.7463073730469,436.5249938964844,437.29058837890625,30579594.0
2025-12-08 12:00:00-05:00,437.3128967285156,439.739990234375,435.25,439.5899963378906,18098552.0
2025-12-09 08:00:00-05:00,439.5799865722656,449.989990234375,435.70001220703125,449.7204895019531,27464334.0
2025-12-09 12:00:00-05:00,449.739990234375,452.3900146484375,439.5799865722656,445.2099914550781,18340682.0
2025-12-10 08:00:00-05:00,446.010009765625,450.20001220703125,443.6099853515625,445.01019287109375,19806710.0
2025-12-10 12:00:00-05:00,444.9700012207031,456.8800048828125,444.2900085449219,451.4100036621094,26542302.0
2025-12-11 08:00:00-05:00,448.82501220703125,449.2698974609375,440.3299865722656,444.5409851074219,25033004.0
2025-12-11 12:00:00-05:00,444.6099853515625,448.0400085449219,444.17999267578125,446.94000244140625,15343104.0
2025-12-12 08:00:00-05:00,448.0899963378906,463.010009765625,441.6700134277344,448.06829833984375,40902525.0
2025-12-12 12:00:00-05:00,448.0400085449219,459.1700134277344,447.3599853515625,459.1700134277344,28414830.0
2025-12-15 08:00:00-05:00,470.0,481.7694091796875,468.989990234375,476.989990234375,53758648.0
2025-12-15 12:00:00-05:00,476.9549865722656,480.6400146484375,474.489990234375,475.07000732421875,26452859.0
2025-12-16 08:00:00-05:00,472.2850036621094,482.05999755859375,465.8299865722656,478.8800048828125,41578052.0
2025-12-16 12:00:00-05:00,478.8599853515625,491.5,475.5884094238281,489.79998779296875,34234694.0
2025-12-17 08:00:00-05:00,488.2149963378906,495.239990234375,474.20001220703125,478.0600891113281,46245127.0
2025-12-17 12:00:00-05:00,478.1400146484375,479.3999938964844,466.20001220703125,467.1600036621094,30470121.0
2025-12-18 08:00:00-05:00,477.8999938964844,490.8599853515625,473.1199951171875,487.83990478515625,42667401.0
2025-12-18 12:00:00-05:00,487.77099609375,490.0400085449219,483.1700134277344,483.3949890136719,24559885.0
2025-12-19 08:00:00-05:00,488.5400085449219,490.489990234375,474.75,479.3407897949219,36243984.0
2025-12-19 12:00:00-05:00,479.3450012207031,484.0,477.82000732421875,480.9100036621094,20846272.0
2025-12-22 08:00:00-05:00,489.67999267578125,498.82000732421875,485.3299865722656,494.94000244140625,41432626.0
2025-12-22 12:00:00-05:00,494.92010498046875,496.4100036621094,487.44000244140625,488.7699890136719,23063429.0
2025-12-23 08:00:00-05:00,491.5,491.94000244140625,484.29998779296875,485.7619934082031,25593002.0
2025-12-23 12:00:00-05:00,485.7767028808594,487.4100036621094,482.84478759765625,485.6099853515625,18404351.0
2025-12-24 08:00:00-05:00,490.0,490.0801086425781,476.79998779296875,481.7699890136719,26876988.0
2025-12-26 08:00:00-05:00,486.0,489.0899963378906,473.82000732421875,479.6340026855469,27918209.0
2025-12-26 12:00:00-05:00,479.5899963378906,480.5,474.9800109863281,475.19000244140625,14869427.0
2025-12-29 08:00:00-05:00,468.0,469.3800048828125,461.32000732421875,466.1181945800781,28553444.0
2025-12-29 12:00:00-05:00,466.0950012207031,466.7900085449219,459.29998779296875,459.6199951171875,19542027.0
2025-12-30 08:00:00-05:00,460.0,463.1199951171875,453.8299865722656,462.1700134277344,26613458.0
2025-12-30 12:00:00-05:00,462.1300048828125,462.2799987792969,454.0400085449219,454.42999267578125,18246840.0
2025-12-31 08:00:00-05:00,455.0,456.5,452.29998779296875,454.6000061035156,18218993.0
2025-12-31 12:00:00-05:00,454.6400146484375,455.8399963378906,449.29998779296875,449.54998779296875,17457025.0
2026-01-02 08:00:00-05:00,458.0,458.3299865722656,440.8999938964844,441.760009765625,34186751.0
2026-01-02 12:00:00-05:00,441.79998779296875,442.5899963378906,435.29998779296875,438.1000061035156,24826885.0
2026-01-05 08:00:00-05:00,447.7200012207031,457.5498962402344,444.57000732421875,456.0299987792969,28750071.0
2026-01-05 12:00:00-05:00,456.0299987792969,457.1000061035156,450.8599853515625,451.69000244140625,17900742.0
2026-01-06 08:00:00-05:00,446.364990234375,446.364990234375,430.3200988769531,432.0350036621094,36018225.0
2026-01-06 12:00:00-05:00,432.05999755859375,434.4200134277344,428.7799987792969,432.4898986816406,24271196.0
2026-01-07 08:00:00-05:00,435.885009765625,438.3699951171875,431.6000061035156,436.2200012207031,24596653.0
2026-01-07 12:00:00-05:00,436.2349853515625,437.75,431.30999755859375,431.4200134277344,16872786.0
2026-01-08 08:00:00-05:00,426.0,436.1400146484375,424.364990234375,435.1944885253906,25228707.0
2026-01-08 12:00:00-05:00,435.17999267578125,436.8900146484375,432.42999267578125,435.8399963378906,14794471.0
2026-01-09 08:00:00-05:00,435.94500732421875,445.239990234375,430.3900146484375,444.45001220703125,28988760.0
2026-01-09 12:00:00-05:00,444.44500732421875,449.04998779296875,444.1199951171875,444.989990234375,18792500.0
2026-01-12 08:00:00-05:00,441.2250061035156,454.29998779296875,438.0,453.8299865722656,28231843.0
2026-01-12 12:00:00-05:00,453.75,453.9198913574219,448.2699890136719,448.8800048828125,17621123.0
2026-01-13 08:00:00-05:00,449.07501220703125,451.80999755859375,445.3999938964844,449.3699951171875,23688653.0
2026-01-13 12:00:00-05:00,449.3500061035156,449.70001220703125,443.95001220703125,447.1300048828125,15613468.0
2026-01-14 08:00:00-05:00,442.42999267578125,443.9100036621094,434.2300109863281,436.1199951171875,25191806.0
2026-01-14 12:00:00-05:00,436.20001220703125,439.45001220703125,434.760009765625,439.260009765625,15917673.0
2026-01-15 08:00:00-05:00,441.125,445.3599853515625,439.4800109863281,443.1200866699219,20321858.0
2026-01-15 12:00:00-05:00,443.1628112792969,443.82000732421875,437.6499938964844,438.3299865722656,14266003.0
2026-01-16 08:00:00-05:00,439.5150146484375,447.25,435.2601013183594,438.55340576171875,24681048.0
2026-01-16 12:00:00-05:00,438.55999755859375,440.8500061035156,437.3599853515625,437.4700012207031,13494751.0
2026-01-20 08:00:00-05:00,429.3450012207031,430.7250061035156,423.4200134277344,426.260009765625,23168183.0
2026-01-20 12:00:00-05:00,426.260009765625,426.4599914550781,417.44000244140625,419.25,18536476.0
2026-01-21 08:00:00-05:00,421.5799865722656,429.7699890136719,419.6200866699219,423.6588134765625,25374172.0
2026-01-21 12:00:00-05:00,423.6700134277344,438.1400146484375,422.80999755859375,431.4599914550781,21564539.0
2026-01-22 08:00:00-05:00,435.1600036621094,439.21990966796875,432.6293029785156,439.07000732421875,21760625.0
2026-01-22 12:00:00-05:00,439.07000732421875,449.4599914550781,438.6499938964844,449.3699951171875,27163660.0
2026-01-23 08:00:00-05:00,447.75,452.42999267578125,444.1600036621094,448.909912109375,26205962.0
2026-01-23 12:00:00-05:00,448.8800048828125,449.30999755859375,445.2799987792969,449.07000732421875,14393217.0
2026-01-26 08:00:00-05:00,445.0299987792969,445.0299987792969,436.7099914550781,439.78680419921875,20120624.0
2026-01-26 12:00:00-05:00,439.81500244140625,439.8399963378906,434.2900085449219,435.20001220703125,14580076.0
2026-01-27 08:00:00-05:00,437.43499755859375,437.5199890136719,431.8299865722656,434.6650085449219,15156815.0
2026-01-27 12:00:00-05:00,434.6499938964844,434.95001220703125,430.69000244140625,430.9100036621094,12955036.0
2026-01-28 08:00:00-05:00,431.79998779296875,438.260009765625,431.20001220703125,433.1199951171875,18627670.0
2026-01-28 12:00:00-05:00,433.0889892578125,436.0,430.1000061035156,431.239990234375,15441880.0
2026-01-29 08:00:00-05:00,437.760009765625,440.2298889160156,414.6199951171875,424.2080078125,36848050.0
2026-01-29 12:00:00-05:00,424.19000244140625,424.7799987792969,414.94000244140625,416.44000244140625,19373810.0
2026-01-30 08:00:00-05:00,425.5799865722656,439.8800048828125,422.70001220703125,438.4599914550781,36846912.0
2026-01-30 12:00:00-05:00,438.4200134277344,439.5299987792969,430.1000061035156,430.4360046386719,20979610.0
